Hour,P_ex_12_1_to_2,P_ex_21_2_to_1,Net_Trade
0,0.396624,0.0,0.396624
1,0.381331,0.0,0.381331
2,0.362313,0.0,0.362313
3,0.345517,0.0,0.345517
4,0.33401,0.0,0.33401
5,0.329967,0.0,0.329967
6,0.334083,0.0,0.334083
7,0.308979,0.0,0.308979
8,0.0,0.42500000000000004,-0.42500000000000004
9,0.0,0.274,-0.274
10,0.0,0.052999999999999936,-0.052999999999999936
11,0.04300000000000004,0.0,0.04300000000000004
12,0.08899999999999997,0.0,0.08899999999999997
13,0.05300000000000005,0.0,0.05300000000000005
14,0.005577000000000054,0.0,0.005577000000000054
15,0.203036,0.0,0.203036
16,0.400554,0.0,0.400554
17,0.0,0.52,-0.52
18,0.0,0.525,-0.525
19,0.0,0.496,-0.496
20,0.0,0.477,-0.477
21,0.0,0.485,-0.485
22,0.0,0.495,-0.495
23,0.0,0.497,-0.497
24,0.38259099999999996,0.0,0.38259099999999996
25,0.354145,0.0,0.354145
26,0.34060799999999997,0.0,0.34060799999999997
27,0.33413000000000004,0.0,0.33413000000000004
28,0.337438,0.0,0.337438
29,0.36158,0.0,0.36158
30,0.43285200000000007,0.0,0.43285200000000007
31,0.462211,0.0,0.462211
32,0.0,0.317,-0.317
33,0.0,0.137,-0.137
34,0.03105900000000006,0.0,0.03105900000000006
35,0.030000000000000027,0.0,0.030000000000000027
36,0.030000000000000027,0.0,0.030000000000000027
37,0.0544380000000001,0.0,0.0544380000000001
38,0.16508499999999998,0.0,0.16508499999999998
39,0.365679,0.0,0.365679
40,0.601528,0.0,0.601528
41,0.0,0.72,-0.72
42,0.0,0.747,-0.747
43,0.0,0.725,-0.725
44,0.0,0.713,-0.713
45,0.0,0.739,-0.739
46,0.0,0.768,-0.768
47,0.0,0.782,-0.782
48,0.47033,0.0,0.47033
49,0.434119,0.0,0.434119
50,0.415925,0.0,0.415925
51,0.411203,0.0,0.411203
52,0.411116,0.0,0.411116
53,0.427357,0.0,0.427357
54,0.48447399999999996,0.0,0.48447399999999996
55,0.49930900000000006,0.0,0.49930900000000006
56,0.0,0.7029999999999998,-0.7029999999999998
57,0.0,0.5159999999999999,-0.5159999999999999
58,0.045184,0.0,0.045184
59,0.0007890000000000397,0.0,0.0007890000000000397
60,0.01131800000000005,0.0,0.01131800000000005
61,0.07108300000000001,0.0,0.07108300000000001
62,0.186602,0.0,0.186602
63,0.39981999999999995,0.0,0.39981999999999995
64,0.623379,0.0,0.623379
65,0.0,1.07,-1.07
66,0.0,1.095,-1.095
67,0.0,1.047,-1.047
68,0.0,1.015,-1.015
69,0.0,1.037,-1.037
70,0.0,1.063,-1.063
71,0.0,1.066,-1.066
72,0.484079,0.0,0.484079
73,0.45023,0.0,0.45023
74,0.430491,0.0,0.430491
75,0.42127,0.0,0.42127
76,0.42421099999999995,0.0,0.42421099999999995
77,0.439914,0.0,0.439914
78,0.497295,0.0,0.497295
79,0.518509,0.0,0.518509
80,0.0,0.9309999999999998,-0.9309999999999998
81,0.0,0.73,-0.73
82,0.08236600000000005,0.0,0.08236600000000005
83,0.027881999999999962,0.0,0.027881999999999962
84,0.037495999999999974,0.0,0.037495999999999974
85,0.0997619999999999,0.0,0.0997619999999999
86,0.2204810000000001,0.0,0.2204810000000001
87,0.4549859999999999,0.0,0.4549859999999999
88,0.624038,0.0,0.624038
89,0.0,1.171,-1.171
90,0.0,1.188,-1.188
91,0.0,1.127,-1.127
92,0.0,1.084,-1.084
93,0.0,1.1,-1.1
94,0.0,1.118,-1.118
95,0.0,1.114,-1.114
96,0.49985,0.0,0.49985
97,0.46325900000000003,0.0,0.46325900000000003
98,0.43681899999999996,0.0,0.43681899999999996
99,0.424045,0.0,0.424045
100,0.414703,0.0,0.414703
101,0.41411400000000004,0.0,0.41411400000000004
102,0.425613,0.0,0.425613
103,0.41219100000000003,0.0,0.41219100000000003
104,0.0,0.881,-0.881
105,0.0,0.6659999999999999,-0.6659999999999999
106,0.0,0.06837300000000002,-0.06837300000000002
107,0.0,0.10503300000000004,-0.10503300000000004
108,0.0,0.09097,-0.09097
109,0.0,0.01770499999999997,-0.01770499999999997
110,0.10919200000000001,0.0,0.10919200000000001
111,0.30850200000000005,0.0,0.30850200000000005
112,0.521946,0.0,0.521946
113,0.0,1.047,-1.047
114,0.0,1.051,-1.051
115,0.0,0.986,-0.986
116,0.0,0.937,-0.937
117,0.0,0.941,-0.941
118,0.0,0.946,-0.946
119,0.0,0.933,-0.933
120,0.455139,0.0,0.455139
121,0.419152,0.0,0.419152
122,0.39387300000000003,0.0,0.39387300000000003
123,0.38195500000000004,0.0,0.38195500000000004
124,0.37585999999999997,0.0,0.37585999999999997
125,0.37394099999999997,0.0,0.37394099999999997
126,0.383457,0.0,0.383457
127,0.33511399999999997,0.0,0.33511399999999997
128,0.0,0.604,-0.604
129,0.0,0.3999999999999999,-0.3999999999999999
130,0.0,0.15888900000000006,-0.15888900000000006
131,0.0,0.17799999999999994,-0.17799999999999994
132,0.0,0.15799999999999992,-0.15799999999999992
133,0.0,0.10854799999999992,-0.10854799999999992
134,0.009452000000000016,0.0,0.009452000000000016
135,0.19729399999999997,0.0,0.19729399999999997
136,0.43240100000000004,0.0,0.43240100000000004
137,0.0,0.869,-0.869
138,0.0,0.884,-0.884
139,0.0,0.842,-0.842
140,0.0,0.814,-0.814
141,0.0,0.831,-0.831
142,0.0,0.851,-0.851
143,0.0,0.855,-0.855
144,0.43763199999999997,0.0,0.43763199999999997
145,0.411621,0.0,0.411621
146,0.392636,0.0,0.392636
147,0.394281,0.0,0.394281
148,0.39663899999999996,0.0,0.39663899999999996
149,0.42116400000000004,0.0,0.42116400000000004
150,0.494758,0.0,0.494758
151,0.553742,0.0,0.553742
152,0.0,0.812,-0.812
153,0.0,0.589,-0.589
154,0.11148000000000002,0.0,0.11148000000000002
155,0.055253,0.0,0.055253
156,0.060056999999999916,0.0,0.060056999999999916
157,0.11848900000000007,0.0,0.11848900000000007
158,0.23315500000000006,0.0,0.23315500000000006
159,0.4468540000000001,0.0,0.4468540000000001
160,0.6529020000000001,0.0,0.6529020000000001
161,0.0,0.994,-0.994
162,0.0,1.011,-1.011
163,0.0,0.96,-0.96
164,0.0,0.925,-0.925
165,0.0,0.94,-0.94
166,0.0,0.957,-0.957
167,0.0,0.955,-0.955
